[
	{
		"name": "Pawn",
		"length": 8,
		"alias": "bp",
		"position": {
			"letter": ["a", "b", "c", "d", "e", "f", "g", "h"],
			"number": 7
		}
	},
	{
		"name": "Knight",
		"length": 2,
		"alias": "bn",
		"position": { "letter": ["b", "g"], "number": 8 }
	},
	{
		"name": "Bishope",
		"length": 2,
		"alias": "bb",
		"position": { "letter": ["c", "f"], "number": 8 }
	},
	{
		"name": "Rook",
		"length": 2,
		"alias": "br",
		"position": { "letter": ["a", "h"], "number": 8 }
	},
	{
		"name": "Queen",
		"length": 1,
		"alias": "bq",
		"position": { "letter": ["d"], "number": 8 }
	},
	{
		"name": "King",
		"length": 1,
		"alias": "bk",
		"position": { "letter": ["e"], "number": 8 }
	}
]
