[
	{
		"name": "Pawn",
		"length": 8,
		"alias": "wp",
		"position": {
			"letter": ["a", "b", "c", "d", "e", "f", "g", "h"],
			"number": 2
		}
	},
	{
		"name": "Knight",
		"length": 2,
		"alias": "wn",
		"position": { "letter": ["b", "g"], "number": 1 }
	},
	{
		"name": "Bishope",
		"length": 2,
		"alias": "wb",
		"position": { "letter": ["c", "f"], "number": 1 }
	},
	{
		"name": "Rook",
		"length": 2,
		"alias": "wr",
		"position": { "letter": ["a", "h"], "number": 1 }
	},
	{
		"name": "Queen",
		"length": 1,
		"alias": "wq",
		"position": { "letter": ["d"], "number": 1 }
	},
	{
		"name": "King",
		"length": 1,
		"alias": "wk",
		"position": { "letter": ["e"], "number": 1 }
	}
]
